https://cdn.shopify.com/s/files/1/1020/6689/products/IMG_8080.jpg?v=1485735808,products/Shopping/3/947423/4069150800478375/112d433db944cb7ddab05947dbfe26cc
https://cdn.shopify.com/s/files/1/1020/6689/products/IMG_8103.jpg?v=1485737457,products/Shopping/3/947423/4069150800478385/93106ada430171ec4d14be89623fbf4e
https://cdn.shopify.com/s/files/1/1020/6689/products/containers-tinnen-blik-1.jpg?v=1477443863,products/Shopping/3/947423/4069150800478391/9f95acaccbf662d054e7170bbaa07fa7
https://cdn.shopify.com/s/files/1/1020/6689/products/200ml_pot_met_beugelsluiting_Rocco_1.jpg?v=1479337975,products/Shopping/3/947423/4069150800478320/8795ed6669bf81ec888c9ea381c02756
https://cdn.shopify.com/s/files/1/1020/6689/products/witch-hazel-witch-hazel-alcohol-houdend-1.JPG?v=1477443935,products/Shopping/3/947423/4069150800478409/a1aa9ac358a65728a0ab9f748b0cc1ea
https://cdn.shopify.com/s/files/1/1020/6689/products/witch-hazel-witch-hazel-alcohol-vrij-1.JPG?v=1477443532,products/Shopping/3/947423/4069150800478411/78586970c696ae2c30dbb383cf4c2c75
https://cdn.shopify.com/s/files/1/1020/6689/products/IMG_8068.jpg?v=1485734691,products/Shopping/3/947423/4069150800478360/6282761302d927c12627f1bfb14db3df
https://cdn.shopify.com/s/files/1/1020/6689/products/IMG_8070.jpg?v=1485734786,products/Shopping/3/947423/4069150800478366/5b075ed5e19b9cba2aa923e0fce940f6
https://cdn.shopify.com/s/files/1/1020/6689/products/IMG_8095_56f7418b-dbdb-45b1-b7d7-895958b51e68.jpg?v=1487967708,products/Shopping/3/947423/4069150800478403/51cea59bbbf951527cf448ecef6ffca0
https://cdn.shopify.com/s/files/1/1020/6689/products/accessoires-zwarte-kessa-scrub-handschoen-1.jpeg?v=1477443963,products/Shopping/3/947423/4069150800478404/fddb46926e15fba0697961ef75ccfbc1
